url,hreflangs,hrefs,crawlable,source_sitemap
https://dotesports.com/dota-2/news/dota-2-fans-grow-impatient-ti14-last-spot,,,TRUE,https://dotesports.com/sitemap-news.xml
https://dotesports.com/gambling/news/boylesports-new-brand-platform-uk-comeback,,,TRUE,https://dotesports.com/sitemap-news.xml
https://dotesports.com/fortnite/news/fortnite-vivo-valoriza-skin,,,TRUE,https://dotesports.com/sitemap-news.xml
https://dotesports.com/gambling/news/esports-betting-market-poised-for-50b-boom-over-next-9-years,,,TRUE,https://dotesports.com/sitemap-news.xml
https://dotesports.com/helldivers-2/news/how-to-change-your-ship-name-in-helldivers-2,,,TRUE,https://dotesports.com/sitemap-news.xml
https://dotesports.com/word-games/news/todays-wordle-hint-and-clues,,,TRUE,https://dotesports.com/sitemap-news.xml
https://dotesports.com/valorant/news/vct-americas-tiebreaker-for-valorant-champions-sparks-debate,,,TRUE,https://dotesports.com/sitemap-news.xml
https://dotesports.com/dota-2/news/ceb-brings-back-old-passion-spark-ti14-hype,,,TRUE,https://dotesports.com/sitemap-news.xml
https://dotesports.com/helldivers-2/news/how-to-get-around-failed-to-join-lobby-error-in-helldivers-2,,,TRUE,https://dotesports.com/sitemap-news.xml
https://dotesports.com/battlefield/news/battlefield-2042-unable-to-load-persistence-data-error-fix-guide,,,TRUE,https://dotesports.com/sitemap-news.xml
https://dotesports.com/league-of-legends/news/lol-patch-schedule,,,TRUE,https://dotesports.com/sitemap-news.xml
https://dotesports.com/call-of-duty/news/black-ops-7-ditches-goofy-skins-restore-cod-identity-players-skeptical,,,TRUE,https://dotesports.com/sitemap-news.xml
https://dotesports.com/mobile-legends/news/mpl-id-season-16-schedule-results,,,TRUE,https://dotesports.com/sitemap-news.xml
https://dotesports.com/league-of-legends/news/riot-gives-first-glimpse-of-t1s-worlds-2024-skins,,,TRUE,https://dotesports.com/sitemap-news.xml
https://dotesports.com/valorant/news/talon-esports-ceo-hits-back-at-1m-loan-allegations-but-the-controversy-continues,,,TRUE,https://dotesports.com/sitemap-news.xml
https://dotesports.com/last-epoch/news/last-epoch-rift-beast-system-explained,,,TRUE,https://dotesports.com/sitemap-news.xml
https://dotesports.com/helldivers-2/news/hours-after-xbox-launch-helldivers-2-announces-major-terminid-update-coming-next-week,,,TRUE,https://dotesports.com/sitemap-news.xml
https://dotesports.com/battlefield/news/battlefield-2042-tactical-weapons,,,TRUE,https://dotesports.com/sitemap-news.xml
https://dotesports.com/the-bazaar/news/how-to-fix-access-request-timed-out-error-in-the-bazaar,,,TRUE,https://dotesports.com/sitemap-news.xml
https://dotesports.com/battlefield/news/best-assault-rifles-battlefield-2042,,,TRUE,https://dotesports.com/sitemap-news.xml
https://dotesports.com/battlefield/news/battlefield-2042-ranks-explained,,,TRUE,https://dotesports.com/sitemap-news.xml
https://dotesports.com/battlefield/news/how-to-spot-enemies-in-battlefield-2042,,,TRUE,https://dotesports.com/sitemap-news.xml
https://dotesports.com/last-epoch/news/primordial-items-last-epoch-guide,,,TRUE,https://dotesports.com/sitemap-news.xml
https://dotesports.com/destiny/news/destiny-rising-release-date,,,TRUE,https://dotesports.com/sitemap-news.xml
https://dotesports.com/gambling/news/data-bet-sbc-summit-2025,,,TRUE,https://dotesports.com/sitemap-news.xml
https://dotesports.com/gambling/news/flutter-halts-real-money-gaming-operations-in-india-after-surprise-ban,,,TRUE,https://dotesports.com/sitemap-news.xml
https://dotesports.com/delta-force/news/how-to-invite-friends-on-delta-force,,,TRUE,https://dotesports.com/sitemap-news.xml
https://dotesports.com/mobile-legends/news/mpl-ph-season-16-schedule-results,,,TRUE,https://dotesports.com/sitemap-news.xml
https://dotesports.com/valorant/news/leaf-returns-to-g2-valorant-but-stand-ins-role-in-vct-americas-remains-unforgettable,,,TRUE,https://dotesports.com/sitemap-news.xml
https://dotesports.com/valorant/news/leaf-explains-his-absence-from-g2-as-he-gears-up-for-vct-champions,,,TRUE,https://dotesports.com/sitemap-news.xml
https://dotesports.com/league-of-legends/news/faker-just-added-another-award-to-his-cabinet,,,TRUE,https://dotesports.com/sitemap-news.xml
